"StudySite","Aardvark_2016","Aardvark_2017","Aardvark_2018","Aardvark_all_years","Baboon_2016","Baboon_2017","Baboon_2018","Baboon_all_years","Buffalo_2016","Buffalo_2017","Buffalo_2018","Buffalo_all_years","Bushbaby_2016","Bushbaby_2017","Bushbaby_2018","Bushbaby_all_years","Bushbuck_2016","Bushbuck_2017","Bushbuck_2018","Bushbuck_all_years","Bushpig_2016","Bushpig_2017","Bushpig_2018","Bushpig_all_years","Civet_2016","Civet_2017","Civet_2018","Civet_all_years","Duiker_common_2016","Duiker_common_2017","Duiker_common_all_years","Duiker_red_2016","Duiker_red_2017","Duiker_red_2018","Duiker_red_all_years","Elephant_2016","Elephant_2017","Elephant_2018","Elephant_all_years","Genet_2016","Genet_2017","Genet_2018","Genet_all_years","Hare_2016","Hare_2017","Hare_2018","Hare_all_years","Hartebeest_2016","Hartebeest_2017","Hartebeest_all_years","Honey_badger_2016","Honey_badger_2017","Honey_badger_2018","Honey_badger_all_years","Impala_2016","Impala_2017","Impala_2018","Impala_all_years","Kudu_2016","Kudu_2017","Kudu_2018","Kudu_all_years","Lion_2016","Lion_2017","Lion_2018","Lion_all_years","MajorSpecies_2016","MajorSpecies_2017","MajorSpecies_2018","MajorSpecies_all_years","Mongoose_banded_2016","Mongoose_banded_2017","Mongoose_banded_all_years","Mongoose_bushy_tailed_2016","Mongoose_bushy_tailed_2017","Mongoose_bushy_tailed_2018","Mongoose_bushy_tailed_all_years","Mongoose_dwarf_2016","Mongoose_dwarf_2017","Mongoose_dwarf_all_years","Mongoose_large_grey_2016","Mongoose_large_grey_2017","Mongoose_large_grey_all_years","Mongoose_marsh_2016","Mongoose_marsh_2017","Mongoose_marsh_2018","Mongoose_marsh_all_years","Mongoose_slender_2016","Mongoose_slender_2017","Mongoose_slender_all_years","Mongoose_white_tailed_2016","Mongoose_white_tailed_2017","Mongoose_white_tailed_2018","Mongoose_white_tailed_all_years","Nyala_2016","Nyala_2017","Nyala_2018","Nyala_all_years","Oribi_2016","Oribi_2017","Oribi_2018","Oribi_all_years","Pangolin_2016","Pangolin_2017","Pangolin_all_years","Porcupine_2016","Porcupine_2017","Porcupine_2018","Porcupine_all_years","Reedbuck_2016","Reedbuck_2017","Reedbuck_2018","Reedbuck_all_years","Sable_antelope_2016","Sable_antelope_2017","Sable_antelope_2018","Sable_antelope_all_years","Samango_2016","Samango_2017","Samango_all_years","Serval_2016","Serval_2017","Serval_2018","Serval_all_years","Vervet_2016","Vervet_2017","Vervet_2018","Vervet_all_years","Warthog_2016","Warthog_2017","Warthog_2018","Warthog_all_years","Waterbuck_2016","Waterbuck_2017","Waterbuck_2018","Waterbuck_all_years","Wildebeest_2016","Wildebeest_2017","Wildebeest_2018","Wildebeest_all_years"
"A06",0,NA,NA,0,0.107142857142857,NA,NA,0.107142857142857,0,NA,NA,0,0.0178571428571429,NA,NA,0.0178571428571429,0.0178571428571429,NA,NA,0.0178571428571429,0.0714285714285714,NA,NA,0.0714285714285714,0.0178571428571429,NA,NA,0.0178571428571429,0,NA,0,0,NA,NA,0,0,NA,NA,0,0.0892857142857143,NA,NA,0.0892857142857143,0,NA,NA,0,0,NA,0,0,NA,NA,0,0.107142857142857,NA,NA,0.107142857142857,0.0178571428571429,NA,NA,0.0178571428571429,0,NA,NA,0,0.571428571428571,NA,NA,0.571428571428571,0,NA,0,0,NA,NA,0,0,NA,0,0,NA,0,0,NA,NA,0,0,NA,0,0,NA,NA,0,0,NA,NA,0,0.107142857142857,NA,NA,0.107142857142857,0,NA,0,0.0178571428571429,NA,NA,0.0178571428571429,0.0714285714285714,NA,NA,0.0714285714285714,0,NA,NA,0,0,NA,0,0,NA,NA,0,0,NA,NA,0,0.267857142857143,NA,NA,0.267857142857143,0.0714285714285714,NA,NA,0.0714285714285714,0,NA,NA,0
"A08",0,0,NA,0,1.07142857142857,1.5,NA,1.31818181818182,0,0,NA,0,0,0,NA,0,0.0357142857142857,0.0789473684210526,NA,0.0606060606060606,0.0714285714285714,0.105263157894737,NA,0.0909090909090909,0,0.0131578947368421,NA,0.00757575757575758,0,0,0,0,0,NA,0,0.0357142857142857,0.0263157894736842,NA,0.0303030303030303,0.321428571428571,0.0789473684210526,NA,0.181818181818182,0,0,NA,0,0,0,0,0,0.0394736842105263,NA,0.0227272727272727,0.125,0.0921052631578947,NA,0.106060606060606,0.0178571428571429,0.0131578947368421,NA,0.0151515151515152,0,0,NA,0,0.446428571428571,0.447368421052632,NA,0.446969696969697,0.0178571428571429,0.0131578947368421,0.0151515151515152,0,0,NA,0,0,0,0,0,0,0,0,0,NA,0,0,0,0,0,0,NA,0,0,0.0263157894736842,NA,0.0151515151515152,0,0.0263157894736842,NA,0.0151515151515152,0.0357142857142857,0.0131578947368421,0.0227272727272727,0,0.0526315789473684,NA,0.0303030303030303,0,0.0657894736842105,NA,0.0378787878787879,0,0,NA,0,0,0,0,0,0,NA,0,0,0,NA,0,0.0714285714285714,0.0657894736842105,NA,0.0681818181818182,0.214285714285714,0.157894736842105,NA,0.181818181818182,0,0.0394736842105263,NA,0.0227272727272727
"A10",0,0,NA,0,0.767857142857143,0.906666666666667,NA,0.847328244274809,0,0,NA,0,0,0,NA,0,0.303571428571429,0.253333333333333,NA,0.274809160305344,0.107142857142857,0.04,NA,0.0687022900763359,0.0535714285714286,0.0266666666666667,NA,0.0381679389312977,0,0,0,0,0,NA,0,0.214285714285714,0.0533333333333333,NA,0.122137404580153,0.0892857142857143,0.0266666666666667,NA,0.0534351145038168,0,0,NA,0,0,0,0,0,0.0133333333333333,NA,0.00763358778625954,0,0,NA,0,0,0.0133333333333333,NA,0.00763358778625954,0,0,NA,0,0.714285714285714,1.77333333333333,NA,1.3206106870229,0.0178571428571429,0.0133333333333333,0.0152671755725191,0,0,NA,0,0,0,0,0,0,0,0,0,NA,0,0,0,0,0,0,NA,0,0.178571428571429,0.52,NA,0.374045801526718,0,0,NA,0,0,0,0,0.0714285714285714,0.04,NA,0.0534351145038168,0,0,NA,0,0,0.0266666666666667,NA,0.0152671755725191,0.0178571428571429,0,0.00763358778625954,0,0,NA,0,0.232142857142857,0,NA,0.099236641221374,0.0892857142857143,0.0933333333333333,NA,0.0916030534351145,0.142857142857143,0.906666666666667,NA,0.580152671755725,0,0,NA,0
"B05",0.0517241379310345,0,NA,0.0352941176470588,0.189655172413793,0.222222222222222,NA,0.2,0,0,NA,0,0,0,NA,0,0.0689655172413793,0.037037037037037,NA,0.0588235294117647,0.0172413793103448,0,NA,0.0117647058823529,0.0517241379310345,0.0740740740740741,NA,0.0588235294117647,0,0,0,0,0,NA,0,0.0172413793103448,0,NA,0.0117647058823529,0.0862068965517241,0.037037037037037,NA,0.0705882352941176,0.0344827586206897,0.037037037037037,NA,0.0352941176470588,0,0,0,0,0,NA,0,0.258620689655172,0,NA,0.176470588235294,0.0517241379310345,0.037037037037037,NA,0.0470588235294118,0,0,NA,0,1.43103448275862,0.518518518518518,NA,1.14117647058824,0,0,0,0,0,NA,0,0,0,0,0,0,0,0,0,NA,0,0,0,0,0,0,NA,0,0,0,NA,0,0.172413793103448,0,NA,0.117647058823529,0,0,0,0.0517241379310345,0,NA,0.0352941176470588,0,0.037037037037037,NA,0.0117647058823529,0.0172413793103448,0,NA,0.0117647058823529,0,0,0,0,0.037037037037037,NA,0.0117647058823529,0.137931034482759,0,NA,0.0941176470588235,0.344827586206897,0.407407407407407,NA,0.364705882352941,0.586206896551724,0.0740740740740741,NA,0.423529411764706,0.0172413793103448,0,NA,0.0117647058823529
"B07",0.0172413793103448,0,0,0.00561797752808989,0.568965517241379,0.293478260869565,0.178571428571429,0.365168539325843,0,0,0,0,0,0,0,0,0.275862068965517,0.0869565217391304,0.0714285714285714,0.146067415730337,0,0,0.0357142857142857,0.00561797752808989,0.172413793103448,0,0,0.0561797752808989,0.0689655172413793,0,0.0266666666666667,0.0172413793103448,0,0,0.00561797752808989,0.0344827586206897,0.0108695652173913,0,0.0168539325842697,0.0172413793103448,0.0217391304347826,0,0.0168539325842697,0.0862068965517241,0,0,0.0280898876404494,0.0344827586206897,0,0.0133333333333333,0,0,0,0,0.603448275862069,0.0652173913043478,0.178571428571429,0.258426966292135,0.0517241379310345,0.0326086956521739,0,0.0337078651685393,0,0,0,0,1.79310344827586,0.597826086956522,0.428571428571429,0.960674157303371,0,0,0,0,0,0,0,0,0,0,0,0,0,0.0172413793103448,0,0,0.00561797752808989,0,0,0,0.0172413793103448,0.0326086956521739,0,0.0224719101123595,0.0862068965517241,0.0652173913043478,0,0.0617977528089888,0.120689655172414,0.0543478260869565,0.0714285714285714,0.0786516853932584,0,0,0,0,0,0,0,0.0172413793103448,0.0326086956521739,0,0.0224719101123595,0,0,0,0,0,0,0,0,0,0,0,0.0344827586206897,0.0434782608695652,0,0.0337078651685393,0.620689655172414,0.271739130434783,0.107142857142857,0.359550561797753,0.0862068965517241,0.0543478260869565,0,0.0561797752808989,0.189655172413793,0.173913043478261,0.0714285714285714,0.162921348314607
"B09",0,0,NA,0,0.892857142857143,0.760869565217391,NA,0.810810810810811,0.0178571428571429,0,NA,0.00675675675675676,0,0,NA,0,0.0714285714285714,0.0108695652173913,NA,0.0337837837837838,0.107142857142857,0,NA,0.0405405405405405,0.0178571428571429,0.0108695652173913,NA,0.0135135135135135,0,0,0,0,0,NA,0,0.0714285714285714,0.0217391304347826,NA,0.0405405405405405,0.214285714285714,0.25,NA,0.236486486486486,0.0178571428571429,0,NA,0.00675675675675676,0.160714285714286,0.0108695652173913,0.0675675675675676,0,0,NA,0,0.285714285714286,0.195652173913043,NA,0.22972972972973,0.0357142857142857,0.0217391304347826,NA,0.027027027027027,0,0,NA,0,0.803571428571429,0.576086956521739,NA,0.662162162162162,0,0,0,0,0,NA,0,0,0,0,0,0,0,0,0.0108695652173913,NA,0.00675675675675676,0,0,0,0,0.0217391304347826,NA,0.0135135135135135,0.0714285714285714,0.0652173913043478,NA,0.0675675675675676,0.0535714285714286,0.0652173913043478,NA,0.0608108108108108,0,0,0,0.0535714285714286,0.0978260869565217,NA,0.0810810810810811,0,0,NA,0,0,0,NA,0,0,0,0,0,0,NA,0,0,0.0434782608695652,NA,0.027027027027027,0.214285714285714,0.228260869565217,NA,0.222972972972973,0.107142857142857,0.0108695652173913,NA,0.0472972972972973,0,0,NA,0
"C06",0,0.0108695652173913,NA,0.00666666666666667,0.482758620689655,0.315217391304348,NA,0.38,0,0,NA,0,0,0,NA,0,1.27586206896552,0.239130434782609,NA,0.64,0.0862068965517241,0.0326086956521739,NA,0.0533333333333333,0.0344827586206897,0,NA,0.0133333333333333,0.396551724137931,0,0.153333333333333,0,0.0217391304347826,NA,0.0133333333333333,0.0517241379310345,0.0652173913043478,NA,0.06,0.224137931034483,0.152173913043478,NA,0.18,0.0172413793103448,0,NA,0.00666666666666667,0,0,0,0,0.0108695652173913,NA,0.00666666666666667,0.189655172413793,0.152173913043478,NA,0.166666666666667,0.0172413793103448,0.0108695652173913,NA,0.0133333333333333,0,0,NA,0,4.03448275862069,1.46739130434783,NA,2.46,0,0,0,0,0,NA,0,0,0,0,0.0172413793103448,0.0108695652173913,0.0133333333333333,0.0344827586206897,0,NA,0.0133333333333333,0,0.0326086956521739,0.02,0,0,NA,0,0.0344827586206897,0.0326086956521739,NA,0.0333333333333333,1.82758620689655,0.141304347826087,NA,0.793333333333333,0,0,0,0.586206896551724,0.217391304347826,NA,0.36,0.0344827586206897,0.0869565217391304,NA,0.0666666666666667,0,0,NA,0,0.0172413793103448,0,0.00666666666666667,0,0,NA,0,0,0,NA,0,0.637931034482759,0.782608695652174,NA,0.726666666666667,0.0689655172413793,0.119565217391304,NA,0.1,0,0,NA,0
"C08",0,0,NA,0,0.53448275862069,0.402173913043478,NA,0.453333333333333,0,0,NA,0,0.0344827586206897,0,NA,0.0133333333333333,0.482758620689655,0.0652173913043478,NA,0.226666666666667,0.0344827586206897,0.173913043478261,NA,0.12,0.103448275862069,0,NA,0.04,0.172413793103448,0,0.0666666666666667,0,0.0108695652173913,NA,0.00666666666666667,0.0344827586206897,0.0217391304347826,NA,0.0266666666666667,0.362068965517241,0.0108695652173913,NA,0.146666666666667,0.0344827586206897,0.0108695652173913,NA,0.02,0.0172413793103448,0,0.00666666666666667,0.0344827586206897,0.0217391304347826,NA,0.0266666666666667,0.275862068965517,0.0652173913043478,NA,0.146666666666667,0.0344827586206897,0.0108695652173913,NA,0.02,0,0,NA,0,1.39655172413793,0.489130434782609,NA,0.84,0,0,0,0,0.0217391304347826,NA,0.0133333333333333,0,0,0,0,0,0,0.0344827586206897,0,NA,0.0133333333333333,0.0344827586206897,0,0.0133333333333333,0,0.0108695652173913,NA,0.00666666666666667,0.310344827586207,0.0978260869565217,NA,0.18,0.120689655172414,0,NA,0.0466666666666667,0,0,0,0.120689655172414,0,NA,0.0466666666666667,0,0,NA,0,0,0,NA,0,0.0344827586206897,0.0108695652173913,0.02,0,0,NA,0,0.0862068965517241,0,NA,0.0333333333333333,0.120689655172414,0.195652173913043,NA,0.166666666666667,0.0862068965517241,0.0652173913043478,NA,0.0733333333333333,0,0,NA,0
"D03",0,0,0,0,0.142857142857143,0.108433734939759,0.0714285714285714,0.116022099447514,0.0857142857142857,0,0,0.0331491712707182,0,0,0,0,0.385714285714286,0.433734939759036,0.285714285714286,0.392265193370166,0,0.0120481927710843,0,0.00552486187845304,0.0571428571428571,0.0240963855421687,0,0.0331491712707182,0,0,0,0,0,0,0,0.0142857142857143,0.036144578313253,0,0.0220994475138122,0.228571428571429,0.0120481927710843,0,0.0939226519337017,0,0,0,0,0,0,0,0.0571428571428571,0.0481927710843374,0,0.0441988950276243,0.0142857142857143,0.036144578313253,0,0.0220994475138122,0.0285714285714286,0.072289156626506,0,0.0441988950276243,0.0428571428571429,0,0,0.0165745856353591,0.957142857142857,1.08433734939759,0.571428571428571,0.955801104972376,0,0,0,0,0,0,0,0,0,0,0,0.0120481927710843,0.0065359477124183,0.0285714285714286,0.0120481927710843,0,0.0165745856353591,0,0,0,0,0,0,0,0.0428571428571429,0,0,0.0165745856353591,0.0142857142857143,0,0,0.00552486187845304,0,0,0,0.128571428571429,0.0240963855421687,0,0.0607734806629834,0,0,0,0,0,0,0,0,0,0,0,0,0.0120481927710843,0.0357142857142857,0.0110497237569061,0.228571428571429,0.036144578313253,0,0.104972375690608,0.0857142857142857,0.0240963855421687,0.0357142857142857,0.0497237569060773,0.414285714285714,0.590361445783133,0.25,0.469613259668508,0,0,0,0
"D05",0,0,NA,0,0.771929824561403,0.209876543209877,NA,0.442028985507246,0,0,NA,0,0,0,NA,0,0.298245614035088,0.148148148148148,NA,0.210144927536232,0.0526315789473684,0,NA,0.0217391304347826,0.0175438596491228,0.0246913580246914,NA,0.0217391304347826,0.0350877192982456,0,0.0144927536231884,0.0350877192982456,0,NA,0.0144927536231884,0,0.0617283950617284,NA,0.036231884057971,0,0.0123456790123457,NA,0.0072463768115942,0.0175438596491228,0.0123456790123457,NA,0.0144927536231884,0,0,0,0,0,NA,0,0.771929824561403,0.185185185185185,NA,0.427536231884058,0.0701754385964912,0.0617283950617284,NA,0.0652173913043478,0,0.0123456790123457,NA,0.0072463768115942,2.14035087719298,0.617283950617284,NA,1.2463768115942,0.0175438596491228,0,0.0072463768115942,0,0,NA,0,0,0,0,0,0,0,0,0,NA,0,0,0,0,0,0,NA,0,0.807017543859649,0.0740740740740741,NA,0.376811594202899,0.0701754385964912,0,NA,0.0289855072463768,0,0,0,0.0175438596491228,0.0246913580246914,NA,0.0217391304347826,0,0,NA,0,0,0,NA,0,0.0175438596491228,0,0.0072463768115942,0,0,NA,0,0.0350877192982456,0,NA,0.0144927536231884,0.140350877192982,0.123456790123457,NA,0.130434782608696,0.0526315789473684,0.0864197530864197,NA,0.072463768115942,0,0,NA,0
"D07",0,0,NA,0,0.557142857142857,1.06521739130435,NA,0.845679012345679,0,0,NA,0,0.0285714285714286,0,NA,0.0123456790123457,1.02857142857143,0.673913043478261,NA,0.827160493827161,0.0571428571428571,0.0108695652173913,NA,0.0308641975308642,0.0285714285714286,0,NA,0.0123456790123457,0.0285714285714286,0.0108695652173913,0.0185185185185185,0.0142857142857143,0,NA,0.00617283950617284,0.0571428571428571,0,NA,0.0246913580246914,0.314285714285714,0,NA,0.135802469135802,0.0571428571428571,0,NA,0.0246913580246914,0,0,0,0,0,NA,0,0.414285714285714,0.576086956521739,NA,0.506172839506173,0.185714285714286,0.0869565217391304,NA,0.12962962962963,0,0.0108695652173913,NA,0.00617283950617284,2.67142857142857,3.07608695652174,NA,2.90123456790123,0.0142857142857143,0,0.00617283950617284,0,0,NA,0,0,0,0,0,0,0,0.0428571428571429,0,NA,0.0185185185185185,0,0,0,0.0142857142857143,0.0108695652173913,NA,0.0123456790123457,0.471428571428571,0.66304347826087,NA,0.580246913580247,0.128571428571429,0.0434782608695652,NA,0.0802469135802469,0,0,0,0.0142857142857143,0.0978260869565217,NA,0.0617283950617284,0.0142857142857143,0.0108695652173913,NA,0.0123456790123457,0.0571428571428571,0,NA,0.0246913580246914,0,0,0,0,0,NA,0,0.0714285714285714,0,NA,0.0308641975308642,0.442857142857143,0.673913043478261,NA,0.574074074074074,0.185714285714286,0.445652173913043,NA,0.333333333333333,0,0,NA,0
"D09",0,NA,NA,0,0.444444444444444,NA,NA,0.444444444444444,0,NA,NA,0,0,NA,NA,0,0.037037037037037,NA,NA,0.037037037037037,0.111111111111111,NA,NA,0.111111111111111,0.037037037037037,NA,NA,0.037037037037037,0,NA,0,0,NA,NA,0,0.037037037037037,NA,NA,0.037037037037037,0.0740740740740741,NA,NA,0.0740740740740741,0,NA,NA,0,0,NA,0,0,NA,NA,0,0.037037037037037,NA,NA,0.037037037037037,0.037037037037037,NA,NA,0.037037037037037,0,NA,NA,0,0.222222222222222,NA,NA,0.222222222222222,0,NA,0,0,NA,NA,0,0,NA,0,0,NA,0,0,NA,NA,0,0,NA,0,0,NA,NA,0,0,NA,NA,0,0.037037037037037,NA,NA,0.037037037037037,0,NA,0,0.0740740740740741,NA,NA,0.0740740740740741,0,NA,NA,0,0,NA,NA,0,0,NA,0,0,NA,NA,0,0,NA,NA,0,0.111111111111111,NA,NA,0.111111111111111,0,NA,NA,0,0,NA,NA,0
"E02",0,0,NA,0,0.185714285714286,0.457831325301205,NA,0.333333333333333,0,0,NA,0,0,0,NA,0,0.228571428571429,0.265060240963855,NA,0.248366013071895,0,0.072289156626506,NA,0.0392156862745098,0.0571428571428571,0.036144578313253,NA,0.0457516339869281,0,0,0,0,0,NA,0,0,0.0120481927710843,NA,0.0065359477124183,0.0571428571428571,0.036144578313253,NA,0.0457516339869281,0.314285714285714,0.0481927710843374,NA,0.169934640522876,0,0,0,0,0.0240963855421687,NA,0.0130718954248366,0.314285714285714,1.01204819277108,NA,0.69281045751634,0.0142857142857143,0,NA,0.0065359477124183,0,0,NA,0,2.34285714285714,2.8433734939759,NA,2.61437908496732,0,0,0,0,0,NA,0,0,0,0,0.0142857142857143,0,0.0065359477124183,0.1,0,NA,0.0457516339869281,0,0,0,0,0.0120481927710843,NA,0.0065359477124183,0,0,NA,0,0.414285714285714,1,NA,0.73202614379085,0,0,0,0,0,NA,0,0.0285714285714286,0.036144578313253,NA,0.0326797385620915,0,0,NA,0,0,0,0,0.0142857142857143,0.0120481927710843,NA,0.0130718954248366,0,0.0481927710843374,NA,0.0261437908496732,0.571428571428571,0.228915662650602,NA,0.38562091503268,0.814285714285714,0.337349397590361,NA,0.555555555555556,0,0.0120481927710843,NA,0.0065359477124183
"E04",0,0.0217391304347826,NA,0.0134228187919463,0.596491228070175,1.45652173913043,NA,1.12751677852349,0,0,NA,0,0,0,NA,0,0.333333333333333,0.130434782608696,NA,0.208053691275168,0.0526315789473684,0.0217391304347826,NA,0.0335570469798658,0.0175438596491228,0.0869565217391304,NA,0.0604026845637584,0,0,0,0,0,NA,0,0,0.0217391304347826,NA,0.0134228187919463,0.175438596491228,0.206521739130435,NA,0.194630872483221,0,0,NA,0,0,0,0,0.0175438596491228,0,NA,0.00671140939597315,0.596491228070175,0.902173913043478,NA,0.785234899328859,0,0.0326086956521739,NA,0.0201342281879195,0,0,NA,0,1.49122807017544,2.40217391304348,NA,2.05369127516779,0,0.0217391304347826,0.0134228187919463,0,0,NA,0,0,0,0,0,0,0,0.0175438596491228,0,NA,0.00671140939597315,0,0,0,0,0.0326086956521739,NA,0.0201342281879195,0.0175438596491228,0.0652173913043478,NA,0.0469798657718121,0.192982456140351,0.293478260869565,NA,0.25503355704698,0,0,0,0.140350877192982,0.0434782608695652,NA,0.0805369127516778,0.0350877192982456,0.0543478260869565,NA,0.0469798657718121,0,0,NA,0,0,0,0,0,0,NA,0,0.140350877192982,0.228260869565217,NA,0.194630872483221,0.228070175438596,0.532608695652174,NA,0.416107382550336,0.12280701754386,0.478260869565217,NA,0.342281879194631,0,0,NA,0
"E06",0.0147058823529412,0,NA,0.00689655172413793,0.102941176470588,0.246753246753247,NA,0.179310344827586,0,0,NA,0,0,0,NA,0,0.529411764705882,0.402597402597403,NA,0.462068965517241,0,0.025974025974026,NA,0.0137931034482759,0.0147058823529412,0.038961038961039,NA,0.0275862068965517,0,0,0,0,0,NA,0,0.0147058823529412,0.038961038961039,NA,0.0275862068965517,0.176470588235294,0.0779220779220779,NA,0.124137931034483,0.0147058823529412,0,NA,0.00689655172413793,0,0,0,0,0,NA,0,0.426470588235294,0.207792207792208,NA,0.310344827586207,0.191176470588235,0.103896103896104,NA,0.144827586206897,0,0,NA,0,1.97058823529412,1.5974025974026,NA,1.77241379310345,0,0,0,0,0,NA,0,0,0,0,0,0,0,0.0147058823529412,0,NA,0.00689655172413793,0.0147058823529412,0,0.00689655172413793,0,0.0909090909090909,NA,0.0482758620689655,0.367647058823529,0.207792207792208,NA,0.282758620689655,0,0.142857142857143,NA,0.0758620689655172,0,0,0,0.0147058823529412,0.012987012987013,NA,0.0137931034482759,0,0.051948051948052,NA,0.0275862068965517,0,0,NA,0,0,0,0,0,0,NA,0,0,0,NA,0,0.338235294117647,0.38961038961039,NA,0.36551724137931,0.308823529411765,0.246753246753247,NA,0.275862068965517,0,0,NA,0
"E08",0,0,NA,0,0.0294117647058824,0.0652173913043478,NA,0.05,0,0,NA,0,0,0,NA,0,0.147058823529412,0.152173913043478,NA,0.15,0,0.0217391304347826,NA,0.0125,0,0,NA,0,0,0.0108695652173913,0.00625,0,0,NA,0,0.0147058823529412,0,NA,0.00625,0.117647058823529,0,NA,0.05,0,0,NA,0,0.0147058823529412,0.0217391304347826,0.01875,0,0,NA,0,0.0735294117647059,0.0760869565217391,NA,0.075,0,0,NA,0,0,0,NA,0,0.720588235294118,0.434782608695652,NA,0.55625,0,0,0,0,0,NA,0,0,0,0,0,0,0,0,0,NA,0,0,0,0,0,0,NA,0,0,0.0108695652173913,NA,0.00625,0.102941176470588,0.0108695652173913,NA,0.05,0,0.0108695652173913,0.00625,0,0,NA,0,0.0441176470588235,0,NA,0.01875,0,0,NA,0,0,0,0,0,0,NA,0,0,0,NA,0,0.0588235294117647,0.0760869565217391,NA,0.06875,0.338235294117647,0.108695652173913,NA,0.20625,0,0,NA,0
"E10",0,0.0108695652173913,NA,0.00680272108843537,0.127272727272727,0.597826086956522,NA,0.421768707482993,0,0,NA,0,0,0,NA,0,0.127272727272727,0.0978260869565217,NA,0.108843537414966,0,0.0217391304347826,NA,0.0136054421768707,0,0.0543478260869565,NA,0.0340136054421769,0,0,0,0.0181818181818182,0,NA,0.00680272108843537,0.0181818181818182,0.0108695652173913,NA,0.0136054421768707,0.0363636363636364,0.108695652173913,NA,0.0816326530612245,0,0,NA,0,0,0,0,0.0181818181818182,0,NA,0.00680272108843537,0,0.108695652173913,NA,0.0680272108843537,0,0.0108695652173913,NA,0.00680272108843537,0,0,NA,0,0.490909090909091,1.1304347826087,NA,0.891156462585034,0,0,0,0,0,NA,0,0,0,0,0,0,0,0,0,NA,0,0,0,0,0,0.0217391304347826,NA,0.0136054421768707,0,0.0326086956521739,NA,0.0204081632653061,0.236363636363636,0.0869565217391304,NA,0.142857142857143,0,0,0,0,0,NA,0,0.0181818181818182,0.0543478260869565,NA,0.0408163265306122,0.0181818181818182,0,NA,0.00680272108843537,0,0,0,0,0.0108695652173913,NA,0.00680272108843537,0,0.0217391304347826,NA,0.0136054421768707,0.0909090909090909,0.282608695652174,NA,0.210884353741497,0.0363636363636364,0.521739130434783,NA,0.340136054421769,0,0,NA,0
"E12",0,0,NA,0,0.653061224489796,0.620689655172414,NA,0.641025641025641,0,0,NA,0,0,0,NA,0,0.183673469387755,0.206896551724138,NA,0.192307692307692,0.0204081632653061,0,NA,0.0128205128205128,0.142857142857143,0,NA,0.0897435897435897,0,0,0,0,0,NA,0,0.224489795918367,0.103448275862069,NA,0.179487179487179,0,0,NA,0,0,0,NA,0,0,0,0,0,0,NA,0,0,0,NA,0,0,0,NA,0,0,0,NA,0,0.693877551020408,1,NA,0.807692307692308,0,0,0,0,0,NA,0,0,0,0,0,0,0,0.0204081632653061,0,NA,0.0128205128205128,0,0,0,0,0,NA,0,0,0,NA,0,0,0,NA,0,0,0,0,0.0408163265306122,0,NA,0.0256410256410256,0.0408163265306122,0,NA,0.0256410256410256,0,0,NA,0,0,0,0,0,0,NA,0,0,0.0689655172413793,NA,0.0256410256410256,0.306122448979592,0.448275862068966,NA,0.358974358974359,0.204081632653061,0.344827586206897,NA,0.256410256410256,0,0,NA,0
"F01",0.0350877192982456,0.0151515151515152,NA,0.024390243902439,0.473684210526316,0.772727272727273,NA,0.634146341463415,0,0,NA,0,0,0,NA,0,0.280701754385965,0.409090909090909,NA,0.349593495934959,0.0350877192982456,0.0606060606060606,NA,0.0487804878048781,0.12280701754386,0.106060606060606,NA,0.113821138211382,0,0,0,0,0,NA,0,0.0175438596491228,0,NA,0.00813008130081301,0.0175438596491228,0.0151515151515152,NA,0.016260162601626,0,0.0303030303030303,NA,0.016260162601626,0,0,0,0.0175438596491228,0,NA,0.00813008130081301,0.789473684210526,0.984848484848485,NA,0.894308943089431,0.0175438596491228,0,NA,0.00813008130081301,0.0350877192982456,0.0303030303030303,NA,0.032520325203252,5.75438596491228,3.71212121212121,NA,4.65853658536585,0,0,0,0,0,NA,0,0,0,0,0,0,0,0,0,NA,0,0,0,0,0,0.0151515151515152,NA,0.00813008130081301,0,0,NA,0,0.578947368421053,0.318181818181818,NA,0.439024390243902,0,0,0,0.0526315789473684,0.0757575757575758,NA,0.0650406504065041,0.298245614035088,0.212121212121212,NA,0.252032520325203,0,0,NA,0,0,0.0151515151515152,0.00813008130081301,0,0,NA,0,0,0,NA,0,1.07017543859649,1.37878787878788,NA,1.23577235772358,3.03508771929825,0.621212121212121,NA,1.73983739837398,0,0,NA,0
"F03",0.0294117647058824,0,0,0.0103626943005181,0.25,0.555555555555556,0.340909090909091,0.398963730569948,0,0,0,0,0,0,0,0,0.25,0.160493827160494,0.295454545454545,0.22279792746114,0.0147058823529412,0.037037037037037,0,0.0207253886010363,0.0294117647058824,0.0123456790123457,0.318181818181818,0.0880829015544041,0,0,0,0,0,0,0,0.0441176470588235,0.0123456790123457,0.0227272727272727,0.0259067357512953,0.0147058823529412,0.259259259259259,0.204545454545455,0.160621761658031,0,0,0,0,0,0,0,0,0,0,0,0.691176470588235,0.654320987654321,0.772727272727273,0.694300518134715,0.0294117647058824,0.0123456790123457,0.136363636363636,0.0466321243523316,0,0,0,0,2.11764705882353,1.18518518518519,1.43181818181818,1.5699481865285,0,0.0123456790123457,0.00671140939597315,0,0,0,0,0,0,0,0,0,0,0,0,0,0,0,0,0,0,0,0,0,0.0147058823529412,0.0864197530864197,0.181818181818182,0.0829015544041451,0.0294117647058824,0.037037037037037,0.0909090909090909,0.0466321243523316,0.0147058823529412,0,0.00671140939597315,0,0.0493827160493827,0,0.0207253886010363,0.0441176470588235,0,0,0.0155440414507772,0,0,0,0,0,0,0,0,0,0,0,0.132352941176471,0.0617283950617284,0.0909090909090909,0.0932642487046632,0.529411764705882,0.222222222222222,0.0909090909090909,0.300518134715026,0.602941176470588,0.0246913580246914,0,0.22279792746114,0,0,0,0
"F05",0,0.0123456790123457,NA,0.00925925925925926,0.740740740740741,0.333333333333333,NA,0.435185185185185,0,0,NA,0,0,0,NA,0,0.111111111111111,0.135802469135802,NA,0.12962962962963,0.037037037037037,0.0493827160493827,NA,0.0462962962962963,0,0.0123456790123457,NA,0.00925925925925926,0,0,0,0,0.0123456790123457,NA,0.00925925925925926,0,0.0493827160493827,NA,0.037037037037037,0,0.172839506172839,NA,0.12962962962963,0,0,NA,0,0,0,0,0,0.0123456790123457,NA,0.00925925925925926,0.296296296296296,0.444444444444444,NA,0.407407407407407,0.0740740740740741,0,NA,0.0185185185185185,0,0,NA,0,1.77777777777778,1.60493827160494,NA,1.64814814814815,0,0,0,0,0,NA,0,0,0,0,0,0,0,0,0.0493827160493827,NA,0.037037037037037,0,0,0,0.037037037037037,0,NA,0.00925925925925926,0.37037037037037,0.111111111111111,NA,0.175925925925926,0.0740740740740741,0.0740740740740741,NA,0.0740740740740741,0,0,0,0.333333333333333,0.0246913580246914,NA,0.101851851851852,0,0,NA,0,0,0,NA,0,0,0,0,0,0,NA,0,0.148148148148148,0.0864197530864197,NA,0.101851851851852,0.666666666666667,0.753086419753086,NA,0.731481481481482,0.259259259259259,0.0864197530864197,NA,0.12962962962963,0,0,NA,0
"F07",0,0,0,0,0.793103448275862,0.939024390243902,1.40217391304348,1.08620689655172,0.0172413793103448,0,0.0108695652173913,0.00862068965517241,0,0,0.0217391304347826,0.00862068965517241,0.431034482758621,0.170731707317073,0.271739130434783,0.275862068965517,0.0344827586206897,0.0731707317073171,0.0217391304347826,0.0431034482758621,0,0.0487804878048781,0.0760869565217391,0.0474137931034483,0.0172413793103448,0,0.00714285714285714,0,0,0,0,0,0,0.0108695652173913,0.00431034482758621,0,0.280487804878049,0.25,0.198275862068966,0.0344827586206897,0,0,0.00862068965517241,0,0,0,0.0172413793103448,0,0.0760869565217391,0.0344827586206897,0.103448275862069,0.426829268292683,0.608695652173913,0.418103448275862,0.137931034482759,0.195121951219512,0.228260869565217,0.193965517241379,0,0,0,0,2.06896551724138,2.19512195121951,2.48913043478261,2.2801724137931,0,0,0,0,0,0,0,0,0,0,0,0,0,0,0,0.0108695652173913,0.00431034482758621,0,0,0,0,0.0121951219512195,0.0434782608695652,0.021551724137931,0.103448275862069,0.280487804878049,0.347826086956522,0.262931034482759,0,0.0609756097560976,0.0326086956521739,0.0344827586206897,0,0,0,0.0344827586206897,0.0487804878048781,0.0217391304347826,0.0344827586206897,0.0172413793103448,0.0853658536585366,0.0108695652173913,0.0387931034482759,0,0,0.0108695652173913,0.00431034482758621,0,0,0,0,0,0,0,0,0,0,0,0.586206896551724,0.768292682926829,0.630434782608696,0.668103448275862,0.844827586206897,0.48780487804878,0.597826086956522,0.620689655172414,0,0.0121951219512195,0.152173913043478,0.0646551724137931
"F09",NA,0,NA,0,NA,0,NA,0,NA,0,NA,0,NA,0,NA,0,NA,0,NA,0,NA,0,NA,0,NA,0,NA,0,NA,0,0,NA,0,NA,0,NA,0,NA,0,NA,0,NA,0,NA,0,NA,0,NA,0,0,NA,0,NA,0,NA,0,NA,0,NA,0,NA,0,NA,0,NA,0,NA,0,NA,0,NA,0,0,NA,0,NA,0,NA,0,0,NA,0,0,NA,0,NA,0,NA,0,0,NA,0,NA,0,NA,0,NA,0,NA,0,NA,0,NA,0,0,NA,0,NA,0,NA,0,NA,0,NA,0,NA,0,NA,0,0,NA,0,NA,0,NA,0,NA,0,NA,0,NA,0,NA,0,NA,0,NA,0,NA,0
"F11",0,0.0217391304347826,NA,0.0136054421768707,0.309090909090909,0.5,NA,0.428571428571429,0.0181818181818182,0,NA,0.00680272108843537,0,0,NA,0,0.363636363636364,0.0978260869565217,NA,0.197278911564626,0.0181818181818182,0,NA,0.00680272108843537,0.0727272727272727,0.0326086956521739,NA,0.0476190476190476,0,0.0217391304347826,0.0136054421768707,0,0,NA,0,0.0363636363636364,0.0108695652173913,NA,0.0204081632653061,0.163636363636364,0,NA,0.0612244897959184,0,0,NA,0,0,0,0,0,0,NA,0,0,0,NA,0,0.0727272727272727,0.0217391304347826,NA,0.0408163265306122,0,0,NA,0,0.672727272727273,0.597826086956522,NA,0.625850340136054,0,0,0,0,0,NA,0,0,0,0,0.0181818181818182,0,0.00680272108843537,0,0.0108695652173913,NA,0.00680272108843537,0,0,0,0.0363636363636364,0,NA,0.0136054421768707,0,0.0217391304347826,NA,0.0136054421768707,0.0909090909090909,0.16304347826087,NA,0.136054421768707,0,0,0,0,0,NA,0,0.0545454545454545,0.206521739130435,NA,0.149659863945578,0.0727272727272727,0.0652173913043478,NA,0.0680272108843537,0,0,0,0,0.0108695652173913,NA,0.00680272108843537,0,0,NA,0,0.127272727272727,0.184782608695652,NA,0.163265306122449,0.0909090909090909,0.130434782608696,NA,0.115646258503401,0,0,NA,0
"G02",0,0.0246913580246914,NA,0.0144927536231884,0.701754385964912,0.950617283950617,NA,0.847826086956522,0,0.0123456790123457,NA,0.0072463768115942,0,0.0123456790123457,NA,0.0072463768115942,0.508771929824561,0.654320987654321,NA,0.594202898550725,0.0175438596491228,0,NA,0.0072463768115942,0.210526315789474,0.407407407407407,NA,0.326086956521739,0,0,0,0,0,NA,0,0,0,NA,0,0.157894736842105,0.395061728395062,NA,0.297101449275362,0.0175438596491228,0,NA,0.0072463768115942,0,0,0,0,0.0123456790123457,NA,0.0072463768115942,0.754385964912281,0.753086419753086,NA,0.753623188405797,0.0175438596491228,0,NA,0.0072463768115942,0,0,NA,0,2.50877192982456,3.34567901234568,NA,3,0,0,0,0,0,NA,0,0,0,0,0,0.0246913580246914,0.0144927536231884,0.12280701754386,0.234567901234568,NA,0.188405797101449,0,0.0246913580246914,0.0144927536231884,0,0.0864197530864197,NA,0.0507246376811594,0,0,NA,0,0.245614035087719,0.234567901234568,NA,0.239130434782609,0,0,0,0.0175438596491228,0,NA,0.0072463768115942,0,0,NA,0,0,0,NA,0,0.157894736842105,0,0.0652173913043478,0,0,NA,0,0.385964912280702,0.160493827160494,NA,0.253623188405797,0.245614035087719,1.34567901234568,NA,0.891304347826087,0.754385964912281,0.358024691358025,NA,0.521739130434783,0,0,NA,0
"G04",0,0.0217391304347826,NA,0.0125,0.676470588235294,0.771739130434783,NA,0.73125,0,0,NA,0,0,0,NA,0,0.0882352941176471,0.0760869565217391,NA,0.08125,0.0147058823529412,0.0217391304347826,NA,0.01875,0.0147058823529412,0,NA,0.00625,0,0,0,0,0,NA,0,0,0.0108695652173913,NA,0.00625,0.0147058823529412,0.0652173913043478,NA,0.04375,0,0,NA,0,0,0,0,0.0147058823529412,0,NA,0.00625,0.264705882352941,0.239130434782609,NA,0.25,0,0,NA,0,0,0,NA,0,0.823529411764706,0.967391304347826,NA,0.90625,0,0,0,0,0,NA,0,0,0,0,0,0,0,0,0.0434782608695652,NA,0.025,0,0,0,0.0147058823529412,0,NA,0.00625,0,0.0108695652173913,NA,0.00625,0.176470588235294,0.173913043478261,NA,0.175,0,0,0,0,0,NA,0,0,0.0217391304347826,NA,0.0125,0,0,NA,0,0,0.0108695652173913,0.00625,0,0,NA,0,0.397058823529412,0.228260869565217,NA,0.3,0.205882352941176,0.391304347826087,NA,0.3125,0.0882352941176471,0.0760869565217391,NA,0.08125,0,0.0108695652173913,NA,0.00625
"G06",0,0,NA,0,1.18965517241379,1.32608695652174,NA,1.27333333333333,0,0,NA,0,0,0,NA,0,0.241379310344828,0.0978260869565217,NA,0.153333333333333,0.137931034482759,0.0978260869565217,NA,0.113333333333333,0.120689655172414,0.0217391304347826,NA,0.06,0,0,0,0,0,NA,0,0.0517241379310345,0.0434782608695652,NA,0.0466666666666667,0.155172413793103,0.260869565217391,NA,0.22,0,0,NA,0,0,0,0,0,0,NA,0,0.137931034482759,0.358695652173913,NA,0.273333333333333,0.0344827586206897,0.0108695652173913,NA,0.02,0,0,NA,0,0.913793103448276,1.1304347826087,NA,1.04666666666667,0.0344827586206897,0.0108695652173913,0.02,0.0344827586206897,0,NA,0.0133333333333333,0.0344827586206897,0.0869565217391304,0.0666666666666667,0,0,0,0,0,NA,0,0.431034482758621,0.0217391304347826,0.18,0,0,NA,0,0.310344827586207,0.184782608695652,NA,0.233333333333333,0.0172413793103448,0.0108695652173913,NA,0.0133333333333333,0,0,0,0.0344827586206897,0.0434782608695652,NA,0.04,0,0.0217391304347826,NA,0.0133333333333333,0,0,NA,0,0,0,0,0,0,NA,0,0,0,NA,0,0.137931034482759,0.369565217391304,NA,0.28,0.0689655172413793,0.108695652173913,NA,0.0933333333333333,0,0,NA,0
"G08",0,0,0.0108695652173913,0.00425531914893617,0.0784313725490196,0.434782608695652,0.260869565217391,0.28936170212766,0,0,0,0,0,0,0,0,0.0392156862745098,0.391304347826087,0.16304347826087,0.225531914893617,0,0.0108695652173913,0.0434782608695652,0.0212765957446809,0,0.0326086956521739,0.108695652173913,0.0553191489361702,0,0,0,0,0,0,0,0.0196078431372549,0.0217391304347826,0.0217391304347826,0.0212765957446809,0.0588235294117647,0.293478260869565,0.369565217391304,0.272340425531915,0,0,0,0,0,0,0,0,0.0108695652173913,0,0.00425531914893617,0,0.130434782608696,0,0.051063829787234,0,0.0434782608695652,0.0326086956521739,0.0297872340425532,0,0.0108695652173913,0.0108695652173913,0.00851063829787234,0.235294117647059,1.14130434782609,0.83695652173913,0.825531914893617,0,0,0,0,0,0,0,0,0,0,0,0.0108695652173913,0.00699300699300699,0.0588235294117647,0.239130434782609,0.0434782608695652,0.123404255319149,0,0,0,0,0.0108695652173913,0,0.00425531914893617,0,0.0217391304347826,0.0217391304347826,0.0170212765957447,0.0392156862745098,0.0652173913043478,0.0217391304347826,0.0425531914893617,0,0,0,0,0.0108695652173913,0.0217391304347826,0.0127659574468085,0.0196078431372549,0,0.0108695652173913,0.00851063829787234,0,0,0,0,0,0,0,0,0,0,0,0,0,0,0,0,0.108695652173913,0.119565217391304,0.0893617021276596,0.156862745098039,0.423913043478261,0.510869565217391,0.4,0,0,0.0108695652173913,0.00425531914893617
"G10",0,0.0344827586206897,NA,0.0119047619047619,0.490909090909091,1.10344827586207,NA,0.702380952380952,0,0,NA,0,0,0,NA,0,0.181818181818182,0.172413793103448,NA,0.178571428571429,0.0727272727272727,0.0689655172413793,NA,0.0714285714285714,0.0545454545454545,0,NA,0.0357142857142857,0,0,0,0.127272727272727,0.172413793103448,NA,0.142857142857143,0,0,NA,0,0.0363636363636364,0.413793103448276,NA,0.166666666666667,0,0,NA,0,0,0,0,0,0,NA,0,0,0,NA,0,0.0181818181818182,0.0344827586206897,NA,0.0238095238095238,0,0,NA,0,0.363636363636364,0.620689655172414,NA,0.452380952380952,0,0,0,0,0.0344827586206897,NA,0.0119047619047619,0,0,0,0,0.0344827586206897,0.0119047619047619,0.0545454545454545,0,NA,0.0357142857142857,0,0,0,0,0,NA,0,0.0727272727272727,0.137931034482759,NA,0.0952380952380952,0.0363636363636364,0,NA,0.0238095238095238,0,0,0,0.0181818181818182,0,NA,0.0119047619047619,0,0,NA,0,0.0181818181818182,0,NA,0.0119047619047619,0,0,0,0.0181818181818182,0,NA,0.0119047619047619,0,0,NA,0,0.0181818181818182,0.0689655172413793,NA,0.0357142857142857,0.0545454545454545,0.241379310344828,NA,0.119047619047619,0,0,NA,0
"G12",0,NA,NA,0,0.30188679245283,NA,NA,0.30188679245283,0,NA,NA,0,0.0377358490566038,NA,NA,0.0377358490566038,0.0943396226415094,NA,NA,0.0943396226415094,0.188679245283019,NA,NA,0.188679245283019,0.0943396226415094,NA,NA,0.0943396226415094,0,NA,0,0.0754716981132075,NA,NA,0.0754716981132075,0.0377358490566038,NA,NA,0.0377358490566038,0.415094339622642,NA,NA,0.415094339622642,0,NA,NA,0,0,NA,0,0.0188679245283019,NA,NA,0.0188679245283019,0.0188679245283019,NA,NA,0.0188679245283019,0.0377358490566038,NA,NA,0.0377358490566038,0,NA,NA,0,0.377358490566038,NA,NA,0.377358490566038,0,NA,0,0,NA,NA,0,0,NA,0,0.0188679245283019,NA,0.0188679245283019,0.0188679245283019,NA,NA,0.0188679245283019,0.113207547169811,NA,0.113207547169811,0,NA,NA,0,0.0188679245283019,NA,NA,0.0188679245283019,0,NA,NA,0,0,NA,0,0.0754716981132075,NA,NA,0.0754716981132075,0.0188679245283019,NA,NA,0.0188679245283019,0.0566037735849057,NA,NA,0.0566037735849057,0,NA,0,0,NA,NA,0,0,NA,NA,0,0.0754716981132075,NA,NA,0.0754716981132075,0.169811320754717,NA,NA,0.169811320754717,0,NA,NA,0
"H03",0,0,0,0,0.929824561403509,0.717391304347826,0.9,0.805031446540881,0.0175438596491228,0.0217391304347826,0,0.0188679245283019,0,0,0,0,0.175438596491228,0.184782608695652,0.2,0.182389937106918,0.0175438596491228,0,0,0.00628930817610063,0.228070175438596,0.130434782608696,0.4,0.182389937106918,0,0,0,0,0,0,0,0.0350877192982456,0.130434782608696,0,0.0880503144654088,0,0.0326086956521739,0.2,0.0314465408805031,0,0,0,0,0,0,0,0.0526315789473684,0,0,0.0188679245283019,0.526315789473684,0.760869565217391,1.1,0.69811320754717,0,0.0326086956521739,0,0.0188679245283019,0.0175438596491228,0,0,0.00628930817610063,1.87719298245614,5,3.4,3.77987421383648,0,0,0,0,0,0,0,0,0,0,0,0,0,0,0.0108695652173913,0,0.00628930817610063,0,0,0,0,0,0,0,0.0175438596491228,0,0,0.00628930817610063,0.105263157894737,0.228260869565217,0.1,0.176100628930818,0,0,0,0,0,0.1,0.00628930817610063,0,0,0,0,0,0,0,0,0,0,0,0,0,0,0,0,0.0108695652173913,0,0.00628930817610063,0.719298245614035,1.67391304347826,1.3,1.30817610062893,0.333333333333333,2.15217391304348,0.7,1.40880503144654,0,0,0,0
"H05",0,0.0217391304347826,0.0108695652173913,0.012396694214876,1.05172413793103,1.78260869565217,1.56521739130435,1.52479338842975,0,0,0,0,0,0,0.0108695652173913,0.00413223140495868,0.0689655172413793,0.130434782608696,0.0652173913043478,0.0909090909090909,0.0172413793103448,0.0108695652173913,0.0108695652173913,0.012396694214876,0,0.0543478260869565,0.119565217391304,0.0661157024793388,0,0,0,0,0,0,0,0.0517241379310345,0.0434782608695652,0.0869565217391304,0.0619834710743802,0,0.0326086956521739,0.0217391304347826,0.0206611570247934,0,0,0.0108695652173913,0.00413223140495868,0,0,0,0.0172413793103448,0.0108695652173913,0,0.00826446280991736,1.56896551724138,1.90217391304348,2.19565217391304,1.93388429752066,0.0344827586206897,0.108695652173913,0.0978260869565217,0.0867768595041322,0,0,0,0,2.18965517241379,4.35869565217391,3.89130434782609,3.66115702479339,0,0,0,0,0,0,0,0,0,0,0,0,0,0,0.0108695652173913,0,0.00413223140495868,0,0,0,0,0,0.0652173913043478,0.0247933884297521,0.0172413793103448,0.0108695652173913,0.0108695652173913,0.012396694214876,0.0344827586206897,0.478260869565217,0.173913043478261,0.256198347107438,0,0,0,0.0172413793103448,0,0,0.00413223140495868,0,0,0.0108695652173913,0.00413223140495868,0,0,0,0,0,0,0,0,0,0,0,0.0172413793103448,0.0652173913043478,0.0217391304347826,0.0371900826446281,0.258620689655172,1.19565217391304,0.673913043478261,0.772727272727273,0.241379310344828,0.641304347826087,0.771739130434783,0.59504132231405,0,0,0,0
"H07",0,0.0128205128205128,NA,0.00746268656716418,0.214285714285714,0.461538461538462,NA,0.358208955223881,0,0,NA,0,0,0,NA,0,0.589285714285714,1.71794871794872,NA,1.24626865671642,0.0357142857142857,0.0641025641025641,NA,0.0522388059701493,0.125,0.0384615384615385,NA,0.0746268656716418,0,0,0,0,0,NA,0,0.125,0.0128205128205128,NA,0.0597014925373134,0.25,0.0512820512820513,NA,0.134328358208955,0.0357142857142857,0,NA,0.0149253731343284,0,0,0,0,0.0128205128205128,NA,0.00746268656716418,0.0178571428571429,0.307692307692308,NA,0.186567164179104,0.0714285714285714,0.0384615384615385,NA,0.0522388059701493,0,0,NA,0,1.46428571428571,3.29487179487179,NA,2.52985074626866,0,0,0,0,0,NA,0,0,0,0,0,0,0,0.0178571428571429,0.0256410256410256,NA,0.0223880597014925,0,0,0,0,0.0128205128205128,NA,0.00746268656716418,0.142857142857143,0.41025641025641,NA,0.298507462686567,0.0714285714285714,0.0128205128205128,NA,0.0373134328358209,0,0,0,0.0178571428571429,0.0128205128205128,NA,0.0149253731343284,0.0357142857142857,0,NA,0.0149253731343284,0,0,NA,0,0,0,0,0,0,NA,0,0,0,NA,0,0.285714285714286,0.743589743589744,NA,0.552238805970149,0.357142857142857,0.102564102564103,NA,0.208955223880597,0,0,NA,0
"H09",0,0.0588235294117647,NA,0.0136986301369863,0.0535714285714286,0.529411764705882,NA,0.164383561643836,0,0,NA,0,0,0,NA,0,0.142857142857143,0.411764705882353,NA,0.205479452054795,0,0,NA,0,0.0892857142857143,0,NA,0.0684931506849315,0,0,0,0,0,NA,0,0.0535714285714286,0,NA,0.0410958904109589,0.0535714285714286,0.0588235294117647,NA,0.0547945205479452,0,0,NA,0,0,0,0,0,0,NA,0,0,0.0588235294117647,NA,0.0136986301369863,0.0357142857142857,0,NA,0.0273972602739726,0,0,NA,0,0.607142857142857,2.47058823529412,NA,1.04109589041096,0,0,0,0,0,NA,0,0.0178571428571429,0,0.0136986301369863,0,0,0,0.0178571428571429,0,NA,0.0136986301369863,0.0357142857142857,0,0.0273972602739726,0,0,NA,0,0,0.0588235294117647,NA,0.0136986301369863,0,0.0588235294117647,NA,0.0136986301369863,0,0,0,0.0357142857142857,0,NA,0.0273972602739726,0,0.0588235294117647,NA,0.0136986301369863,0.0178571428571429,0.0588235294117647,NA,0.0273972602739726,0,0,0,0,0,NA,0,0,0,NA,0,0.160714285714286,0.588235294117647,NA,0.26027397260274,0.303571428571429,1.29411764705882,NA,0.534246575342466,0,0,NA,0
"H11",0,NA,NA,0,0.264150943396226,NA,NA,0.264150943396226,0,NA,NA,0,0,NA,NA,0,0.0377358490566038,NA,NA,0.0377358490566038,0,NA,NA,0,0,NA,NA,0,0,NA,0,0,NA,NA,0,0,NA,NA,0,0.169811320754717,NA,NA,0.169811320754717,0,NA,NA,0,0,NA,0,0.0188679245283019,NA,NA,0.0188679245283019,0,NA,NA,0,0,NA,NA,0,0,NA,NA,0,0.226415094339623,NA,NA,0.226415094339623,0,NA,0,0,NA,NA,0,0,NA,0,0,NA,0,0,NA,NA,0,0,NA,0,0,NA,NA,0,0,NA,NA,0,0.132075471698113,NA,NA,0.132075471698113,0,NA,0,0,NA,NA,0,0,NA,NA,0,0,NA,NA,0,0,NA,0,0,NA,NA,0,0.0188679245283019,NA,NA,0.0188679245283019,0,NA,NA,0,0.0566037735849057,NA,NA,0.0566037735849057,0,NA,NA,0
"H13",0,NA,NA,0,0.0943396226415094,NA,NA,0.0943396226415094,0,NA,NA,0,0.0188679245283019,NA,NA,0.0188679245283019,0.0377358490566038,NA,NA,0.0377358490566038,0.0188679245283019,NA,NA,0.0188679245283019,0.0377358490566038,NA,NA,0.0377358490566038,0.0188679245283019,NA,0.0188679245283019,0,NA,NA,0,0.0377358490566038,NA,NA,0.0377358490566038,0.150943396226415,NA,NA,0.150943396226415,0,NA,NA,0,0,NA,0,0,NA,NA,0,0.0188679245283019,NA,NA,0.0188679245283019,0,NA,NA,0,0,NA,NA,0,0.113207547169811,NA,NA,0.113207547169811,0,NA,0,0.0377358490566038,NA,NA,0.0377358490566038,0,NA,0,0,NA,0,0.0188679245283019,NA,NA,0.0188679245283019,0,NA,0,0,NA,NA,0,0,NA,NA,0,0,NA,NA,0,0,NA,0,0,NA,NA,0,0,NA,NA,0,0,NA,NA,0,0,NA,0,0,NA,NA,0,0,NA,NA,0,0.0566037735849057,NA,NA,0.0566037735849057,0,NA,NA,0,0,NA,NA,0
"I04",0,0.0326086956521739,NA,0.02,0.5,0.304347826086957,NA,0.38,0,0.0434782608695652,NA,0.0266666666666667,0,0,NA,0,0.879310344827586,0.717391304347826,NA,0.78,0.120689655172414,0.108695652173913,NA,0.113333333333333,0.172413793103448,0.0760869565217391,NA,0.113333333333333,0,0,0,0,0,NA,0,0.137931034482759,0.0978260869565217,NA,0.113333333333333,0.0344827586206897,0,NA,0.0133333333333333,0.293103448275862,0,NA,0.113333333333333,0,0,0,0.0517241379310345,0.0108695652173913,NA,0.0266666666666667,0.0862068965517241,0.108695652173913,NA,0.1,0,0,NA,0,0.0172413793103448,0.0434782608695652,NA,0.0333333333333333,3.91379310344828,6.17391304347826,NA,5.3,0,0,0,0,0,NA,0,0,0,0,0.0344827586206897,0,0.0133333333333333,0.0344827586206897,0,NA,0.0133333333333333,0,0,0,0.0344827586206897,0,NA,0.0133333333333333,0,0,NA,0,0.258620689655172,0.0869565217391304,NA,0.153333333333333,0,0,0,0.379310344827586,0.239130434782609,NA,0.293333333333333,0.0344827586206897,0.206521739130435,NA,0.14,0,0,NA,0,0,0,0,0.0172413793103448,0.0326086956521739,NA,0.0266666666666667,0,0,NA,0,0.862068965517241,1.5,NA,1.25333333333333,1.82758620689655,3.76086956521739,NA,3.01333333333333,0,0,NA,0
"I06",0,0,NA,0,0.303571428571429,0.391304347826087,NA,0.358108108108108,0,0,NA,0,0,0,NA,0,0.178571428571429,0.228260869565217,NA,0.209459459459459,0,0,NA,0,0.0892857142857143,0.0652173913043478,NA,0.0743243243243243,0,0,0,0,0,NA,0,0.142857142857143,0.0108695652173913,NA,0.0608108108108108,0.142857142857143,0.0543478260869565,NA,0.0878378378378378,0.0178571428571429,0.0217391304347826,NA,0.0202702702702703,0,0,0,0.0357142857142857,0,NA,0.0135135135135135,0.285714285714286,0.152173913043478,NA,0.202702702702703,0.0178571428571429,0,NA,0.00675675675675676,0,0.0326086956521739,NA,0.0202702702702703,1.23214285714286,1.5,NA,1.39864864864865,0,0,0,0,0,NA,0,0,0,0,0,0,0,0.0714285714285714,0.0434782608695652,NA,0.0540540540540541,0,0,0,0.0178571428571429,0,NA,0.00675675675675676,0,0,NA,0,0.196428571428571,0.304347826086957,NA,0.263513513513513,0.0178571428571429,0,0.00675675675675676,0,0,NA,0,0,0,NA,0,0,0,NA,0,0,0,0,0,0,NA,0,0,0,NA,0,0.428571428571429,0.75,NA,0.628378378378378,0.142857142857143,0.0652173913043478,NA,0.0945945945945946,0,0,NA,0
"I08",0,0.0142857142857143,NA,0.00826446280991736,0.274509803921569,0.814285714285714,NA,0.586776859504132,0,0,NA,0,0.0196078431372549,0,NA,0.00826446280991736,0.274509803921569,0.1,NA,0.173553719008264,0.0784313725490196,0.0571428571428571,NA,0.0661157024793388,0.0588235294117647,0.157142857142857,NA,0.115702479338843,0,0,0,0,0,NA,0,0.0196078431372549,0,NA,0.00826446280991736,0.450980392156863,0.257142857142857,NA,0.338842975206612,0,0,NA,0,0,0,0,0.0196078431372549,0.0285714285714286,NA,0.0247933884297521,0,0.228571428571429,NA,0.132231404958678,0.0588235294117647,0.0142857142857143,NA,0.0330578512396694,0,0,NA,0,1.05882352941176,1.05714285714286,NA,1.05785123966942,0,0.0285714285714286,0.0165289256198347,0,0,NA,0,0.0392156862745098,0,0.0165289256198347,0,0.0285714285714286,0.0165289256198347,0,0.0142857142857143,NA,0.00826446280991736,0,0,0,0,0,NA,0,0.0196078431372549,0.157142857142857,NA,0.0991735537190083,0,0,NA,0,0,0,0,0.0784313725490196,0.0571428571428571,NA,0.0661157024793388,0.0588235294117647,0.0142857142857143,NA,0.0330578512396694,0,0.0142857142857143,NA,0.00826446280991736,0,0,0,0,0,NA,0,0,0.0857142857142857,NA,0.0495867768595041,0.176470588235294,0.271428571428571,NA,0.231404958677686,0.588235294117647,0.3,NA,0.421487603305785,0,0,NA,0
"I10",0,0.0217391304347826,NA,0.013986013986014,0.137254901960784,0.130434782608696,NA,0.132867132867133,0,0,NA,0,0,0,NA,0,0.235294117647059,0.0978260869565217,NA,0.146853146853147,0.0392156862745098,0.0434782608695652,NA,0.041958041958042,0,0.0108695652173913,NA,0.00699300699300699,0,0,0,0,0,NA,0,0.0196078431372549,0,NA,0.00699300699300699,0.274509803921569,0.0869565217391304,NA,0.153846153846154,0,0,NA,0,0,0,0,0,0,NA,0,0,0,NA,0,0.0392156862745098,0.0108695652173913,NA,0.020979020979021,0,0,NA,0,0.803921568627451,0.489130434782609,NA,0.601398601398601,0.0392156862745098,0.0108695652173913,0.020979020979021,0.0196078431372549,0,NA,0.00699300699300699,0,0,0,0,0,0,0,0,NA,0,0,0,0,0,0,NA,0,0.0784313725490196,0.0869565217391304,NA,0.0839160839160839,0.0784313725490196,0.0108695652173913,NA,0.034965034965035,0,0,0,0.0588235294117647,0.0108695652173913,NA,0.027972027972028,0,0,NA,0,0.0392156862745098,0.0652173913043478,NA,0.0559440559440559,0,0,0,0,0,NA,0,0,0,NA,0,0.176470588235294,0.228260869565217,NA,0.20979020979021,0.235294117647059,0.0652173913043478,NA,0.125874125874126,0,0,NA,0
"I12",0,0,NA,0,0.547169811320755,0.706521739130435,NA,0.648275862068965,0,0,NA,0,0,0,NA,0,0.0754716981132075,0.130434782608696,NA,0.110344827586207,0,0.0434782608695652,NA,0.0275862068965517,0.0188679245283019,0.0434782608695652,NA,0.0344827586206897,0,0,0,0,0,NA,0,0,0.0543478260869565,NA,0.0344827586206897,0.320754716981132,0.0652173913043478,NA,0.158620689655172,0.0188679245283019,0,NA,0.00689655172413793,0,0,0,0,0.0108695652173913,NA,0.00689655172413793,0.0377358490566038,0.0760869565217391,NA,0.0620689655172414,0.0188679245283019,0.0434782608695652,NA,0.0344827586206897,0,0,NA,0,0.132075471698113,0.684782608695652,NA,0.482758620689655,0.0188679245283019,0,0.00689655172413793,0,0,NA,0,0,0,0,0,0,0,0.0188679245283019,0.0217391304347826,NA,0.0206896551724138,0,0,0,0.0188679245283019,0,NA,0.00689655172413793,0,0.0217391304347826,NA,0.0137931034482759,0,0,NA,0,0,0,0,0.0377358490566038,0.0108695652173913,NA,0.0206896551724138,0,0.0108695652173913,NA,0.00689655172413793,0,0.0108695652173913,NA,0.00689655172413793,0,0,0,0,0,NA,0,0,0,NA,0,0.0188679245283019,0.141304347826087,NA,0.096551724137931,0,0.315217391304348,NA,0.2,0,0,NA,0
"I14",0,NA,NA,0,0.607843137254902,NA,NA,0.607843137254902,0,NA,NA,0,0,NA,NA,0,0.509803921568627,NA,NA,0.509803921568627,0.0588235294117647,NA,NA,0.0588235294117647,0.215686274509804,NA,NA,0.215686274509804,0,NA,0,0,NA,NA,0,0.0196078431372549,NA,NA,0.0196078431372549,0.509803921568627,NA,NA,0.509803921568627,0,NA,NA,0,0.0196078431372549,NA,0.0196078431372549,0,NA,NA,0,0.137254901960784,NA,NA,0.137254901960784,0.0784313725490196,NA,NA,0.0784313725490196,0,NA,NA,0,1.07843137254902,NA,NA,1.07843137254902,0.0196078431372549,NA,0.0196078431372549,0,NA,NA,0,0,NA,0,0,NA,0,0.0980392156862745,NA,NA,0.0980392156862745,0,NA,0,0,NA,NA,0,0,NA,NA,0,0.117647058823529,NA,NA,0.117647058823529,0,NA,0,0,NA,NA,0,0.0196078431372549,NA,NA,0.0196078431372549,0,NA,NA,0,0,NA,0,0,NA,NA,0,0.176470588235294,NA,NA,0.176470588235294,0.294117647058824,NA,NA,0.294117647058824,0.0196078431372549,NA,NA,0.0196078431372549,0,NA,NA,0
"J03",0,0,NA,0,0.448275862068966,0.567567567567568,NA,0.515151515151515,0,0,NA,0,0,0,NA,0,0.448275862068966,1.02702702702703,NA,0.772727272727273,0,0.0135135135135135,NA,0.00757575757575758,0,0.0405405405405405,NA,0.0227272727272727,0.0172413793103448,0,0.00757575757575758,0,0,NA,0,0,0.0540540540540541,NA,0.0303030303030303,0.0517241379310345,0.108108108108108,NA,0.0833333333333333,0,0,NA,0,0,0,0,0,0,NA,0,0.0862068965517241,1.33783783783784,NA,0.787878787878788,0,0,NA,0,0,0,NA,0,1.41379310344828,7.01351351351351,NA,4.5530303030303,0,0,0,0,0,NA,0,0,0,0,0,0.027027027027027,0.0151515151515152,0,0,NA,0,0,0,0,0,0,NA,0,0,0,NA,0,0,0.148648648648649,NA,0.0833333333333333,0,0,0,0.0689655172413793,0.0135135135135135,NA,0.0378787878787879,0,0,NA,0,0,0,NA,0,0,0,0,0,0.0135135135135135,NA,0.00757575757575758,0,0.0135135135135135,NA,0.00757575757575758,0.0689655172413793,0.364864864864865,NA,0.234848484848485,0.810344827586207,4.13513513513514,NA,2.67424242424242,0,0,NA,0
"J05",0,0,NA,0,1.5,1.11290322580645,NA,1.28947368421053,0.0192307692307692,0,NA,0.0087719298245614,0,0,NA,0,0.269230769230769,0.435483870967742,NA,0.359649122807018,0.115384615384615,0.209677419354839,NA,0.166666666666667,0.0384615384615385,0.0483870967741935,NA,0.043859649122807,0,0,0,0,0,NA,0,0.115384615384615,0.145161290322581,NA,0.131578947368421,0.461538461538462,0.854838709677419,NA,0.675438596491228,0.115384615384615,0.193548387096774,NA,0.157894736842105,0,0,0,0.0384615384615385,0.032258064516129,NA,0.0350877192982456,0.0192307692307692,0,NA,0.0087719298245614,0,0,NA,0,0,0.0161290322580645,NA,0.0087719298245614,1.21153846153846,0.806451612903226,NA,0.991228070175439,0,0.032258064516129,0.0175438596491228,0,0,NA,0,0,0,0,0.0192307692307692,0,0.0087719298245614,0.0192307692307692,0.0161290322580645,NA,0.0175438596491228,0,0.274193548387097,0.149122807017544,0,0,NA,0,0,0,NA,0,0,0.0161290322580645,NA,0.0087719298245614,0,0,0,0.0961538461538462,0.0645161290322581,NA,0.0789473684210526,0.0192307692307692,0.0967741935483871,NA,0.0614035087719298,0,0,NA,0,0,0,0,0,0,NA,0,0.0384615384615385,0.112903225806452,NA,0.0789473684210526,0.538461538461538,0.0806451612903226,NA,0.289473684210526,0.384615384615385,0.274193548387097,NA,0.324561403508772,0,0,NA,0
"J07",0,0,0,0,0.0178571428571429,0.228260869565217,0.121212121212121,0.143646408839779,0,0,0,0,0,0.0108695652173913,0,0.00552486187845304,0.196428571428571,0.0760869565217391,0.272727272727273,0.149171270718232,0.0178571428571429,0.0434782608695652,0.0303030303030303,0.0331491712707182,0,0.0108695652173913,0,0.00552486187845304,0,0,0,0,0,0,0,0.0178571428571429,0.0217391304347826,0.0606060606060606,0.0276243093922652,0.0357142857142857,0,0,0.0110497237569061,0,0,0,0,0,0,0,0,0.0326086956521739,0,0.0165745856353591,0,0.0217391304347826,0,0.0110497237569061,0,0.0217391304347826,0,0.0110497237569061,0,0,0,0,1.32142857142857,3.57608695652174,3.48484848484848,2.86187845303867,0,0,0,0,0,0,0,0,0,0,0.0357142857142857,0.0108695652173913,0.0202702702702703,0,0.0108695652173913,0,0.00552486187845304,0,0,0,0,0,0,0,0,0,0,0,0.160714285714286,0.0869565217391304,0.212121212121212,0.132596685082873,0,0,0,0,0.0108695652173913,0,0.00552486187845304,0,0.0108695652173913,0,0.00552486187845304,0,0,0,0,0,0,0,0,0,0,0,0,0,0,0,0.732142857142857,2.44565217391304,2.15151515151515,1.86187845303867,0.232142857142857,0.945652173913043,0.848484848484849,0.707182320441989,0,0,0,0
"J09",0,0,NA,0,0.0784313725490196,0.735294117647059,NA,0.341176470588235,0,0,NA,0,0,0,NA,0,0.0392156862745098,0.411764705882353,NA,0.188235294117647,0,0.0294117647058824,NA,0.0117647058823529,0.176470588235294,0.0588235294117647,NA,0.129411764705882,0.0588235294117647,0,0.0352941176470588,0,0,NA,0,0.0196078431372549,0.0294117647058824,NA,0.0235294117647059,0.392156862745098,0.735294117647059,NA,0.529411764705882,0,0,NA,0,0,0,0,0,0.0294117647058824,NA,0.0117647058823529,0,0,NA,0,0,0.0294117647058824,NA,0.0117647058823529,0,0,NA,0,0.274509803921569,1.38235294117647,NA,0.717647058823529,0,0,0,0.0196078431372549,0,NA,0.0117647058823529,0,0,0,0,0.117647058823529,0.0470588235294118,0.0196078431372549,0,NA,0.0117647058823529,0,0,0,0,0,NA,0,0.0196078431372549,0,NA,0.0117647058823529,0,0,NA,0,0,0,0,0,0,NA,0,0,0,NA,0,0,0,NA,0,0,0,0,0,0,NA,0,0,0,NA,0,0.176470588235294,0.205882352941176,NA,0.188235294117647,0.0392156862745098,0.764705882352941,NA,0.329411764705882,0,0,NA,0
"J11",0,0,0,0,0.117647058823529,0.314285714285714,0.517241379310345,0.286666666666667,0,0,0,0,0,0,0,0,0.274509803921569,0.157142857142857,0.172413793103448,0.2,0.0392156862745098,0,0,0.0133333333333333,0.0196078431372549,0,0.0344827586206897,0.0133333333333333,0.0196078431372549,0,0.00826446280991736,0.0196078431372549,0,0,0.00666666666666667,0.0196078431372549,0,0,0.00666666666666667,0.176470588235294,0.0857142857142857,0.206896551724138,0.14,0,0,0,0,0,0,0,0.0392156862745098,0,0,0.0133333333333333,0,0.0571428571428571,0,0.0266666666666667,0.0196078431372549,0.0285714285714286,0.0344827586206897,0.0266666666666667,0,0,0,0,0.490196078431373,0.571428571428571,1.20689655172414,0.666666666666667,0,0,0,0.0196078431372549,0.0285714285714286,0.0344827586206897,0.0266666666666667,0,0,0,0,0,0,0,0,0.0344827586206897,0.00666666666666667,0,0,0,0.0196078431372549,0,0,0.00666666666666667,0.0980392156862745,0.228571428571429,0.310344827586207,0.2,0,0,0,0,0,0,0,0.0392156862745098,0.0285714285714286,0,0.0266666666666667,0,0,0,0,0.0588235294117647,0,0.103448275862069,0.04,0,0,0,0,0,0,0,0,0,0,0,0.0980392156862745,0.0857142857142857,0.241379310344828,0.12,0.0196078431372549,0.0428571428571429,0.482758620689655,0.12,0,0,0,0
"J13",0,0,NA,0,0.692307692307692,0.930555555555556,NA,0.830645161290323,0,0,NA,0,0,0,NA,0,0.269230769230769,0.736111111111111,NA,0.540322580645161,0.0192307692307692,0.0694444444444444,NA,0.0483870967741935,0.0384615384615385,0.222222222222222,NA,0.145161290322581,0.0192307692307692,0,0.00806451612903226,0,0,NA,0,0.0384615384615385,0.0138888888888889,NA,0.0241935483870968,0,1.05555555555556,NA,0.612903225806452,0,0,NA,0,0,0,0,0.0384615384615385,0.0138888888888889,NA,0.0241935483870968,0.0384615384615385,0.166666666666667,NA,0.112903225806452,0.0576923076923077,0.0277777777777778,NA,0.0403225806451613,0,0,NA,0,0.884615384615385,2.09722222222222,NA,1.58870967741935,0,0,0,0,0.0138888888888889,NA,0.00806451612903226,0,0,0,0,0,0,0.0192307692307692,0.180555555555556,NA,0.112903225806452,0.0192307692307692,0,0.00806451612903226,0,0.0416666666666667,NA,0.0241935483870968,0.0384615384615385,0.0277777777777778,NA,0.032258064516129,0.288461538461538,0.222222222222222,NA,0.25,0,0.0277777777777778,0.0161290322580645,0.0192307692307692,0.0138888888888889,NA,0.0161290322580645,0,0.0694444444444444,NA,0.0403225806451613,0.0192307692307692,0.138888888888889,NA,0.0887096774193548,0,0,0,0,0.0138888888888889,NA,0.00806451612903226,0,0,NA,0,0.153846153846154,0.680555555555556,NA,0.459677419354839,0.0961538461538462,0.263888888888889,NA,0.193548387096774,0,0,NA,0
"K04",0.0384615384615385,0.0161290322580645,0,0.0218978102189781,0.480769230769231,0.580645161290323,0.521739130434783,0.532846715328467,0.0192307692307692,0,0.173913043478261,0.0364963503649635,0,0,0,0,0.288461538461538,1.04838709677419,2,0.91970802919708,0.0192307692307692,0,0,0.0072992700729927,0.269230769230769,0.306451612903226,0,0.240875912408759,0,0,0,0,0,0,0,0.211538461538462,0.0967741935483871,0.0434782608695652,0.131386861313869,0.173076923076923,0.129032258064516,0,0.124087591240876,0,0,0,0,0,0,0,0,0.0161290322580645,0,0.0072992700729927,0.0769230769230769,0.0967741935483871,0.130434782608696,0.0948905109489051,0,0,0,0,0,0,0,0,1.96153846153846,3.38709677419355,5.8695652173913,3.26277372262774,0,0,0,0,0,0,0,0,0,0,0.0576923076923077,0,0.0263157894736842,0.0192307692307692,0,0,0.0072992700729927,0,0,0,0,0,0,0,0,0,0,0,0.0192307692307692,0.0645161290322581,0.260869565217391,0.0802919708029197,0,0,0,0.0769230769230769,0.0645161290322581,0.0434782608695652,0.0656934306569343,0,0,0,0,0,0,0,0,0,0,0,0,0,0,0,0,0,0,0,0.903846153846154,1.09677419354839,0.869565217391304,0.985401459854015,0.673076923076923,1.08064516129032,2.60869565217391,1.18248175182482,0,0,0,0
"K06",0.04,0,NA,0.0140845070422535,1.1,1.34782608695652,NA,1.26056338028169,0.04,0,NA,0.0140845070422535,0,0,NA,0,1.48,3.53260869565217,NA,2.80985915492958,0,0.0108695652173913,NA,0.00704225352112676,0.06,1.06521739130435,NA,0.711267605633803,0.08,0,0.028169014084507,0,0,NA,0,0.06,0.130434782608696,NA,0.105633802816901,0.08,0.565217391304348,NA,0.394366197183099,0,0,NA,0,0,0,0,0,0.0543478260869565,NA,0.0352112676056338,0,0.16304347826087,NA,0.105633802816901,0.14,0.108695652173913,NA,0.119718309859155,0,0,NA,0,4.64,7.20652173913043,NA,6.30281690140845,0,0,0,0,0,NA,0,0,0,0,0,0,0,0,0.0108695652173913,NA,0.00704225352112676,0,0,0,0,0,NA,0,0,0.0108695652173913,NA,0.00704225352112676,0.02,0.0108695652173913,NA,0.0140845070422535,0,0,0,0.08,0.391304347826087,NA,0.28169014084507,0,0,NA,0,0,0,NA,0,0,0,0,0,0,NA,0,0.38,0.0978260869565217,NA,0.197183098591549,2.3,2.01086956521739,NA,2.11267605633803,0.84,1.47826086956522,NA,1.25352112676056,0,0,NA,0
"K08",0,0,0,0,0.16,0.826086956521739,0.16304347826087,0.423076923076923,0,0,0.0108695652173913,0.00427350427350427,0,0,0,0,0.14,0.271739130434783,0.25,0.235042735042735,0,0.0108695652173913,0.0217391304347826,0.0128205128205128,0.04,0.152173913043478,0.0434782608695652,0.0854700854700855,0,0,0,0,0.0108695652173913,0,0.00427350427350427,0.08,0.0108695652173913,0,0.0213675213675214,0.32,0.141304347826087,0,0.123931623931624,0,0,0,0,0,0,0,0,0,0,0,0,0.391304347826087,0.0869565217391304,0.188034188034188,0,0.0760869565217391,0.0108695652173913,0.0341880341880342,0,0,0,0,0.76,2.5,1.21739130434783,1.62393162393162,0.02,0,0.00704225352112676,0,0,0,0,0,0,0,0,0.0108695652173913,0.00704225352112676,0.02,0,0,0.00427350427350427,0,0,0,0,0,0,0,0.04,0.0869565217391304,0,0.0427350427350427,0.1,0.0326086956521739,0.0326086956521739,0.047008547008547,0,0,0,0,0,0,0,0.04,0.0108695652173913,0,0.0128205128205128,0,0,0,0,0,0,0,0.06,0,0,0.0128205128205128,0,0,0,0,0.36,1.46739130434783,0.5,0.85042735042735,0.12,0.25,0.347826086956522,0.260683760683761,0,0,0,0
"K10",0,0,0,0,0.384615384615385,0.141304347826087,0.228260869565217,0.20952380952381,0,0,0,0,0,0,0,0,0.115384615384615,0.0760869565217391,0.0978260869565217,0.0904761904761905,0.153846153846154,0.0326086956521739,0.0326086956521739,0.0476190476190476,0.0384615384615385,0.0217391304347826,0.0326086956521739,0.0285714285714286,0,0,0,0.5,0.391304347826087,0.608695652173913,0.5,0,0,0.0434782608695652,0.019047619047619,0.115384615384615,0.0543478260869565,0.0760869565217391,0.0714285714285714,0,0,0,0,0,0,0,0,0,0,0,0,0,0,0,0,0,0,0,0,0,0,0,0.461538461538462,0.967391304347826,1.07608695652174,0.952380952380952,0,0,0,0.0384615384615385,0.0217391304347826,0.0652173913043478,0.0428571428571429,0,0,0,0,0,0,0,0.0543478260869565,0.0108695652173913,0.0285714285714286,0,0,0,0,0,0,0,0.115384615384615,0.271739130434783,0.33695652173913,0.280952380952381,0,0,0.0108695652173913,0.00476190476190476,0,0,0,0,0,0,0,0,0,0,0,0,0.0326086956521739,0,0.0142857142857143,0,0,0,0,0,0,0,0,0.0543478260869565,0.0326086956521739,0.0380952380952381,0.230769230769231,0.489130434782609,0.293478260869565,0.371428571428571,0,0.130434782608696,0.33695652173913,0.204761904761905,0,0,0,0
"K12",0,0,0,0,0.0769230769230769,0.152777777777778,0.0689655172413793,0.111111111111111,0,0,0,0,0,0,0,0,0.0961538461538462,0.0138888888888889,0.137931034482759,0.065359477124183,0,0,0,0,0.0576923076923077,0.0277777777777778,0,0.0326797385620915,0,0,0,0,0,0,0,0.0192307692307692,0.0277777777777778,0,0.0196078431372549,0.173076923076923,0.166666666666667,0,0.137254901960784,0,0,0,0,0,0,0,0,0.0138888888888889,0,0.0065359477124183,0,0.0416666666666667,0,0.0196078431372549,0,0.0138888888888889,0,0.0065359477124183,0,0,0,0,0.25,0.194444444444444,0.413793103448276,0.254901960784314,0,0,0,0.0192307692307692,0,0,0.0065359477124183,0,0,0,0,0,0,0,0,0,0,0,0.0416666666666667,0.0241935483870968,0,0.0555555555555556,0,0.0261437908496732,0.0384615384615385,0.0416666666666667,0.103448275862069,0.0522875816993464,0,0,0,0,0,0,0,0,0.0138888888888889,0,0.0065359477124183,0,0,0,0,0,0.0555555555555556,0.0344827586206897,0.0326797385620915,0,0,0,0,0,0,0,0,0,0,0,0.0961538461538462,0.0555555555555556,0.0689655172413793,0.0718954248366013,0.0192307692307692,0.0416666666666667,0.103448275862069,0.0457516339869281,0,0,0,0
"L05",0.0384615384615385,0.0161290322580645,NA,0.0263157894736842,0.730769230769231,0.241935483870968,NA,0.464912280701754,0.192307692307692,0,NA,0.087719298245614,0,0,NA,0,3.26923076923077,0.32258064516129,NA,1.66666666666667,0.211538461538462,0.0645161290322581,NA,0.131578947368421,1.26923076923077,0.0161290322580645,NA,0.587719298245614,0,0,0,0,0,NA,0,0.269230769230769,0.0483870967741935,NA,0.149122807017544,0.230769230769231,0.145161290322581,NA,0.184210526315789,0,0,NA,0,0,0,0,0,0,NA,0,0,0,NA,0,0,0,NA,0,0.0384615384615385,0.0161290322580645,NA,0.0263157894736842,14.4230769230769,1.19354838709677,NA,7.2280701754386,0.0192307692307692,0,0.0087719298245614,0,0,NA,0,0,0,0,0.0384615384615385,0,0.0175438596491228,0.0576923076923077,0.0161290322580645,NA,0.0350877192982456,0,0,0,0,0,NA,0,0,0,NA,0,0.0576923076923077,0,NA,0.0263157894736842,0,0,0,4.13461538461539,0.129032258064516,NA,1.95614035087719,0.0192307692307692,0,NA,0.0087719298245614,0,0,NA,0,0,0,0,0.0769230769230769,0,NA,0.0350877192982456,0,0,NA,0,8.78846153846154,0.483870967741935,NA,4.2719298245614,2.30769230769231,0.387096774193548,NA,1.26315789473684,0,0,NA,0
"L07",0,0.0108695652173913,NA,0.00704225352112676,1.24,1.71739130434783,NA,1.54929577464789,0.04,0.0652173913043478,NA,0.0563380281690141,0.02,0,NA,0.00704225352112676,2.46,4.32608695652174,NA,3.66901408450704,0.12,0.119565217391304,NA,0.119718309859155,0.16,0.0652173913043478,NA,0.0985915492957746,0,0,0,0,0,NA,0,1.2,0.597826086956522,NA,0.809859154929577,0.1,0,NA,0.0352112676056338,0.6,0.0108695652173913,NA,0.21830985915493,0,0,0,0.08,0.0434782608695652,NA,0.0563380281690141,0,0,NA,0,0,0.0108695652173913,NA,0.00704225352112676,0,0.0217391304347826,NA,0.0140845070422535,5.74,14.4782608695652,NA,11.4014084507042,0.02,0,0.00704225352112676,0,0,NA,0,0,0,0,0,0,0,0.08,0,NA,0.028169014084507,0,0,0,0.02,0,NA,0.00704225352112676,0.02,0.0652173913043478,NA,0.0492957746478873,0,0.0217391304347826,NA,0.0140845070422535,0,0,0,0.46,0.217391304347826,NA,0.302816901408451,0.08,0.0434782608695652,NA,0.0563380281690141,0,0,NA,0,0,0,0,0.02,0.0108695652173913,NA,0.0140845070422535,0.04,0.217391304347826,NA,0.154929577464789,2.98,6.57608695652174,NA,5.30985915492958,0.28,3.48913043478261,NA,2.35915492957746,0,0,NA,0
"L09",0,NA,NA,0,0.26,NA,NA,0.26,0,NA,NA,0,0.02,NA,NA,0.02,1.24,NA,NA,1.24,0.1,NA,NA,0.1,0,NA,NA,0,0,NA,0,0,NA,NA,0,0.06,NA,NA,0.06,0.36,NA,NA,0.36,0,NA,NA,0,0,NA,0,0,NA,NA,0,0,NA,NA,0,0,NA,NA,0,0,NA,NA,0,1.66,NA,NA,1.66,0,NA,0,0.2,NA,NA,0.2,0,NA,0,0.02,NA,0.02,0,NA,NA,0,0.06,NA,0.06,0,NA,NA,0,0,NA,NA,0,0,NA,NA,0,0,NA,0,0.02,NA,NA,0.02,0,NA,NA,0,0,NA,NA,0,0,NA,0,0,NA,NA,0,0.02,NA,NA,0.02,0.32,NA,NA,0.32,0.1,NA,NA,0.1,0,NA,NA,0
"L11",0,0,0,0,0.673076923076923,0.423913043478261,0.103448275862069,0.445086705202312,0,0,0,0,0.0192307692307692,0.0108695652173913,0,0.0115606936416185,0.442307692307692,0.652173913043478,0.413793103448276,0.549132947976879,0.0769230769230769,0,0,0.023121387283237,0.134615384615385,0.0108695652173913,0,0.046242774566474,0,0,0,0,0,0,0,0.0576923076923077,0.0652173913043478,0,0.0520231213872832,0.576923076923077,0.0217391304347826,0,0.184971098265896,0.0576923076923077,0,0,0.0173410404624277,0,0,0,0,0,0,0,0.0384615384615385,0.0543478260869565,0,0.0404624277456647,0.0384615384615385,0.0652173913043478,0.241379310344828,0.0867052023121387,0,0,0,0,1.19230769230769,1.53260869565217,1.17241379310345,1.36994219653179,0,0.0217391304347826,0.0138888888888889,0.0384615384615385,0.0543478260869565,0,0.0404624277456647,0,0,0,0,0,0,0.0384615384615385,0,0,0.0115606936416185,0.0576923076923077,0,0.0208333333333333,0,0,0,0,0.0961538461538462,0.0652173913043478,0.241379310344828,0.104046242774566,0.0769230769230769,0,0,0.023121387283237,0,0,0,0.115384615384615,0.0760869565217391,0,0.0751445086705202,0,0,0,0,0.0192307692307692,0.0217391304347826,0,0.0173410404624277,0,0,0,0,0,0,0,0.115384615384615,0.0326086956521739,0,0.0520231213872832,0.269230769230769,0.510869565217391,0.172413793103448,0.38150289017341,0.269230769230769,0.25,0.344827586206897,0.271676300578035,0,0.0108695652173913,0,0.00578034682080925
"L13",0,0.12,NA,0.04,0.08,0.04,NA,0.0666666666666667,0,0,NA,0,0.06,0,NA,0.04,0.12,0.28,NA,0.173333333333333,0,0,NA,0,0.04,0,NA,0.0266666666666667,0,0,0,0,0,NA,0,0.06,0.04,NA,0.0533333333333333,0.06,0.04,NA,0.0533333333333333,0,0,NA,0,0,0,0,0,0,NA,0,0,0,NA,0,0,0,NA,0,0,0,NA,0,0.18,0.28,NA,0.213333333333333,0,0,0,0.12,0.12,NA,0.12,0,0,0,0,0,0,0,0,NA,0,0,0,0,0,0,NA,0,0.02,0,NA,0.0133333333333333,0,0,NA,0,0,0,0,0,0,NA,0,0,0,NA,0,0,0.04,NA,0.0133333333333333,0,0,0,0,0,NA,0,0.02,0,NA,0.0133333333333333,0.04,0,NA,0.0266666666666667,0,0,NA,0,0,0,NA,0
"M08",0,NA,NA,0,1.07692307692308,NA,NA,1.07692307692308,0,NA,NA,0,0.115384615384615,NA,NA,0.115384615384615,1.69230769230769,NA,NA,1.69230769230769,0.288461538461538,NA,NA,0.288461538461538,0.0192307692307692,NA,NA,0.0192307692307692,0,NA,0,0,NA,NA,0,0.346153846153846,NA,NA,0.346153846153846,0.0769230769230769,NA,NA,0.0769230769230769,0.0192307692307692,NA,NA,0.0192307692307692,0,NA,0,0.0576923076923077,NA,NA,0.0576923076923077,0.192307692307692,NA,NA,0.192307692307692,0.0384615384615385,NA,NA,0.0384615384615385,0,NA,NA,0,5.17307692307692,NA,NA,5.17307692307692,0.0192307692307692,NA,0.0192307692307692,0,NA,NA,0,0,NA,0,0,NA,0,0,NA,NA,0,0,NA,0,0,NA,NA,0,0.0384615384615385,NA,NA,0.0384615384615385,0.0576923076923077,NA,NA,0.0576923076923077,0,NA,0,0.25,NA,NA,0.25,0,NA,NA,0,0.0192307692307692,NA,NA,0.0192307692307692,0,NA,0,0.0192307692307692,NA,NA,0.0192307692307692,0,NA,NA,0,1.48076923076923,NA,NA,1.48076923076923,1.71153846153846,NA,NA,1.71153846153846,0,NA,NA,0
"M10",0.0192307692307692,0.0597014925373134,NA,0.0420168067226891,0.480769230769231,0.701492537313433,NA,0.605042016806723,0,0.104477611940299,NA,0.0588235294117647,0,0,NA,0,0.788461538461538,1.59701492537313,NA,1.2436974789916,0.0192307692307692,0.164179104477612,NA,0.100840336134454,0.0961538461538462,0.0149253731343284,NA,0.0504201680672269,0,0,0,0,0,NA,0,0.153846153846154,0.223880597014925,NA,0.19327731092437,0.0961538461538462,0,NA,0.0420168067226891,0.0192307692307692,0.0149253731343284,NA,0.0168067226890756,0,0,0,0.0384615384615385,0.0298507462686567,NA,0.0336134453781513,0.0384615384615385,0.0149253731343284,NA,0.0252100840336134,0,0.0895522388059701,NA,0.0504201680672269,0,0,NA,0,1.80769230769231,4.01492537313433,NA,3.05042016806723,0.0192307692307692,0,0.00840336134453781,0,0,NA,0,0,0,0,0,0,0,0.0192307692307692,0,NA,0.00840336134453781,0,0,0,0,0,NA,0,0,0,NA,0,0.192307692307692,0.134328358208955,NA,0.159663865546218,0,0,0,0.0961538461538462,0.0149253731343284,NA,0.0504201680672269,0,0.0597014925373134,NA,0.0336134453781513,0,0,NA,0,0,0,0,0,0.0149253731343284,NA,0.00840336134453781,0.0961538461538462,0.0895522388059701,NA,0.092436974789916,0.653846153846154,0.865671641791045,NA,0.773109243697479,0.134615384615385,1.40298507462687,NA,0.848739495798319,0,0,NA,0
